{
	"class_name" : "PinholeCameraParameters",
	"extrinsic" : 
	[
		0.99475146545446458,
		-0.093218873025292415,
		0.042187245561779593,
		0.0,
		0.083465835446992806,
		0.9777568170398625,
		0.19241897267476651,
		0.0,
		-0.059185946721590957,
		-0.18788786135344515,
		0.98040561772497903,
		0.0,
		0.19482484470147565,
		0.21865600793412943,
		0.46109915546832542,
		1.0
	],
	"intrinsic" : 
	{
		"height" : 1061,
		"intrinsic_matrix" : 
		[
			918.85295341528945,
			0.0,
			0.0,
			0.0,
			918.85295341528945,
			0.0,
			959.5,
			530.0,
			1.0
		],
		"width" : 1920
	},
	"version_major" : 1,
	"version_minor" : 0
}