{
	"class_name" : "PinholeCameraParameters",
	"extrinsic" : 
	[
		0.94472281190972374,
		0.1150779446902175,
		-0.30701119735810967,
		0.0,
		-0.095524065437232658,
		0.9923642387379199,
		0.078028011614112755,
		0.0,
		0.31364623635511429,
		-0.044387884833409962,
		0.94850184717811059,
		0.0,
		-0.25598730686127857,
		0.075717121452092223,
		0.48906903643014354,
		1.0
	],
	"intrinsic" : 
	{
		"height" : 1061,
		"intrinsic_matrix" : 
		[
			918.85295341528945,
			0.0,
			0.0,
			0.0,
			918.85295341528945,
			0.0,
			959.5,
			530.0,
			1.0
		],
		"width" : 1920
	},
	"version_major" : 1,
	"version_minor" : 0
}